{
  "timestamp": "2026-05-27T11:27:08.053668",
  "total_chunks": 228,
  "embedding_dimension": 384,
  "model_name": "all-MiniLM-L6-v2",
  "embeddings_shape": [
    228,
    384
  ],
  "embeddings_dtype": "float32",
  "embeddings_memory_mb": 0.333984375,
  "categories": {
    "budgeting": {
      "chunks": 24,
      "percentage": 10.53
    },
    "debt": {
      "chunks": 25,
      "percentage": 10.96
    },
    "emergency": {
      "chunks": 17,
      "percentage": 7.46
    },
    "government": {
      "chunks": 29,
      "percentage": 12.72
    },
    "insurance": {
      "chunks": 17,
      "percentage": 7.46
    },
    "investment": {
      "chunks": 43,
      "percentage": 18.86
    },
    "rbi": {
      "chunks": 33,
      "percentage": 14.47
    },
    "tax": {
      "chunks": 40,
      "percentage": 17.54
    }
  },
  "embedding_statistics": {
    "mean": -0.0001336540444754064,
    "std": 0.05103086307644844,
    "min": -0.23339904844760895,
    "max": 0.21030032634735107,
    "median": -3.4354769695710274e-08
  }
}